{"cameraMode":{"drawMode":0,"name":"Shaded","section":"Shading Mode"},"sceneLighting":false,"audioPlay":false,"sceneViewState":{"showFog":true,"showMaterialUpdate":false,"showSkybox":true,"showFlares":true,"showImageEffects":true,"showParticleSystems":true},"in2DMode":false,"pivot":{"x":1.4759199619293213,"y":2.6446118354797365,"z":-1.4322004318237305},"rotation":{"x":-0.050907544791698459,"y":-0.9487282633781433,"z":0.2066832184791565,"w":-0.23367764055728913},"size":12.1990385055542,"orthographic":false}