{"cameraMode":{"drawMode":0,"name":"Shaded","section":"Shading Mode"},"sceneLighting":false,"audioPlay":false,"sceneViewState":{"showFog":true,"showMaterialUpdate":false,"showSkybox":true,"showFlares":true,"showImageEffects":true,"showParticleSystems":true},"in2DMode":false,"pivot":{"x":-1.2669250965118409,"y":4.496370792388916,"z":14.607177734375},"rotation":{"x":-0.02099543809890747,"y":-0.0062932828441262249,"z":-0.00013199499517213553,"w":0.9997597932815552},"size":22.0,"orthographic":false}