{"cameraMode":{"drawMode":0,"name":"Shaded","section":"Shading Mode"},"sceneLighting":false,"audioPlay":false,"sceneViewState":{"showFog":true,"showMaterialUpdate":false,"showSkybox":true,"showFlares":true,"showImageEffects":true,"showParticleSystems":true},"in2DMode":false,"pivot":{"x":-0.4108819365501404,"y":3.7734222412109377,"z":13.369573593139649},"rotation":{"x":-0.004496407229453325,"y":0.020703613758087159,"z":0.0000932796101551503,"w":0.9997755885124207},"size":22.0,"orthographic":false}